run_at,mode,feed,fetched,new
2026-10-04T21:27+09:00,hourly,PR TIMES 新着（直接）,2,0
2026-10-04T21:28+09:00,full,Googleニュース「クレジットカード」,73,2
2026-10-04T21:28+09:00,full,Googleニュース「決済代行」,14,0
2026-10-04T21:28+09:00,full,Googleニュース「決済サービス・加盟店」,85,0
2026-10-04T21:28+09:00,full,Googleニュース「コード決済」,38,0
2026-10-04T21:28+09:00,full,Googleニュース「キャッシュレス決済」,74,0
2026-10-04T21:28+09:00,full,Googleニュース「タッチ決済・電子マネー」,69,0
2026-10-04T21:28+09:00,full,Googleニュース「後払い・BNPL」,15,0
2026-10-04T21:28+09:00,full,ペイメントナビ（Googleニュース経由）,18,4
2026-10-04T21:28+09:00,full,日本経済新聞（Googleニュース経由）,17,0
2026-10-04T21:28+09:00,full,PR TIMES（決済）,51,0
2026-10-04T21:28+09:00,full,@Press（決済）,4,0
2026-10-04T21:28+09:00,full,PR TIMES 新着（直接）,2,0
2026-10-04T21:28+09:00,full,ペイメントナビ,14,0
2026-10-04T21:28+09:00,full,ケータイWatch,33,0
2026-10-04T21:28+09:00,full,Impress Watch,1,0
2026-10-04T21:28+09:00,full,INTERNET Watch,1,0
2026-10-04T21:28+09:00,full,ITmedia Mobile,3,0
2026-10-04T21:28+09:00,full,ITmedia NEWS,4,0
2026-10-04T21:28+09:00,full,日経クロステック,1,0
2026-10-05T03:19+09:00,hourly,PR TIMES 新着（直接）,2,0
2026-10-05T06:20+09:00,hourly,PR TIMES 新着（直接）,1,0
2026-10-05T06:53+09:00,full,Googleニュース「クレジットカード」,0,0
2026-10-05T06:53+09:00,full,Googleニュース「決済代行」,0,0
2026-10-05T06:53+09:00,full,Googleニュース「決済サービス・加盟店」,0,0
2026-10-05T06:53+09:00,full,Googleニュース「コード決済」,0,0
2026-10-05T06:53+09:00,full,Googleニュース「キャッシュレス決済」,0,0
2026-10-05T06:53+09:00,full,Googleニュース「タッチ決済・電子マネー」,0,0
2026-10-05T06:53+09:00,full,Googleニュース「後払い・BNPL」,0,0
2026-10-05T06:53+09:00,full,ペイメントナビ（Googleニュース経由）,0,0
2026-10-05T06:53+09:00,full,日本経済新聞（Googleニュース経由）,0,0
2026-10-05T06:53+09:00,full,PR TIMES（決済）,0,0
2026-10-05T06:53+09:00,full,@Press（決済）,0,0
2026-10-05T06:53+09:00,full,PR TIMES 新着（直接）,1,0
2026-10-05T06:53+09:00,full,ペイメントナビ,14,0
2026-10-05T06:53+09:00,full,ケータイWatch,33,0
2026-10-05T06:53+09:00,full,Impress Watch,1,0
2026-10-05T06:53+09:00,full,INTERNET Watch,1,0
2026-10-05T06:53+09:00,full,ITmedia Mobile,3,0
2026-10-05T06:53+09:00,full,ITmedia NEWS,4,0
2026-10-05T06:53+09:00,full,日経クロステック,1,0
